Numero o Id de pregunta,Pregunta,Tiene pregunta adicional,Pregunta adicional
1,¿Cuántas personas trabajan en su empresa?,No,
2,¿Cuántas sucursales tiene su empresa?,No,
3,¿En qué giro(s) trabaja su empresa?,Sí,Al seleccionar Otros: Especifique otro giro
4,¿De qué país(es) de origen vienen sus productos?,No,
5,¿De cuánto tiempo son sus plazos de entrega en promedio?,No,
6,Certificaciones y vigencia,Sí,Al seleccionar una certificación: Vigencia. Al seleccionar Otra: Nombre y vigencia. Si no selecciona ninguna certificación: pregunta 7
7,"En caso de no estar certificado, ¿planea certificarse?",Sí,Si responde Sí: ¿Hasta cuándo está planeado certificarse?
8,¿Es posible visitar su empresa para una evaluación en piso?,No,
9,¿Hace cuántos años se fundó su empresa?,No,
10,¿Tiene un organigrama que muestre las responsabilidades en su empresa?,Sí,Si responde Sí: Adjunte el organigrama
11,"¿Cuenta con referencias, clientes o proyectos para los trabajos que provee?",Sí,"Si responde Sí: Adjunte referencias, clientes o proyectos"
12,¿Participa su personal en capacitaciones frecuentes?,No,
13,¿Tiene su personal acceso a normas y leyes vigentes?,No,
14,¿Recibe su personal cursos de seguridad en el trabajo con regularidad?,No,
15,¿Está su personal asegurado en el IMSS?,No,
16,¿Proporciona la empresa equipo de seguridad para su personal?,No,
17,¿Cuál es el porcentaje de satisfacción de su personal?,No,
18,¿Tiene metas e indicadores de desempeño de seguridad y accidentabilidad?,Sí,Si responde Sí: Indique cuáles
19,¿Cuál fue su índice de accidentes laborales en el año calendario pasado?,No,
20,¿En su empresa se clasifican los residuos?,No,
21,¿Hay una persona encargada de la protección ambiental?,Sí,Si responde Sí: Nombre de la persona responsable
22,¿Está inscrita su empresa en algún programa de protección ambiental?,Sí,Si responde Sí: Nombre del programa
23,"¿Provee a FFT material peligroso para la salud, químico o fácilmente inflamable?",Sí,"Si responde Sí: pregunta 24, Indique cuáles materiales"
24,Indique cuáles materiales,No,
25,¿Los materiales peligrosos de su almacén se procesan y eliminan adecuadamente?,No,
26,¿Usa su empresa productos biodegradables?,Sí,Si responde Sí: Indique cuáles
27,¿Hay una persona encargada del Aseguramiento de la Calidad?,Sí,Si responde Sí: Nombre de la persona responsable
28,¿Se aplican pruebas de calidad antes de la entrega final de los materiales?,No,
29,¿Se documentan los resultados de las pruebas?,No,
30,¿Hay un sistema de calidad que evite el envío incorrecto de materiales?,No,
31,¿Se llevan a cabo auditorías o evaluaciones frecuentes de proveedores?,No,
32,¿Piden a sus proveedores que estén certificados?,No,
33,¿Puede asegurar que siempre trabaja de acuerdo con los estándares y normas internacionales actuales?,No,
34,¿Se puede rastrear el origen de sus productos?,No,
35,¿Puede reaccionar flexiblemente y a corto plazo a solicitudes urgentes?,No,
36,¿Sus productos están empaquetados correctamente para evitar daños en el envío?,No,
37,¿Utilizan empaques ecológicos o reciclables?,No,
38,¿Tiene un proceso definido para seleccionar al transportista?,No,
39,¿Tiene un proceso definido para procesar reclamos o garantías de materiales?,No,
40,¿Ofrece servicios de mantenimiento o soporte técnico para sus productos?,No,
41,¿Busca mejores precios con fabricantes para transferir descuentos a sus clientes?,No,
42,¿Qué documentación provee con el envío de cada producto?,Sí,Al seleccionar Otro: Especifique otro documento
43,¿Están todos los empleados obligados por contrato a mantener la confidencialidad?,No,
44,¿Son instruidos todos los trabajadores regularmente sobre la seguridad de la información y protección de datos?,No,
45,¿Se han implementado zonas de seguridad y reglas de acceso en la empresa?,No,
46,¿Se otorgan permisos de acceso a los datos de clientes según cada proyecto y se revisan regularmente?,No,
47,¿La información se clasifica según su nivel de confidencialidad y se protege de acuerdo a ello?,No,
48,¿Existe un proceso de copias de seguridad definido e implementado en la empresa?,No,
49,¿Los proveedores que participan en proyectos específicos están obligados a mantener la confidencialidad?,No,
50,¿El acceso a internet está protegido mediante un Firewall contra accesos no autorizados y software malicioso?,No,
